[
  {
    "model": "main.companyinfo",
    "pk": 1,
    "fields": {
      "address_ru": "г. Бишкек, пр. Чуй 114, офис 201",
      "address_ky": "Бишкек ш., Чүй пр., 114-офис 201",
      "address_en": "Bishkek, Chui Ave 114, Office 201",
      "phone_ru": "+996 555 00 00 00",
      "phone_ky": "+996 555 00 00 00",
      "phone_en": "+996 555 00 00 00",
      "email_ru": "info@europeangroup.kg",
      "email_ky": "info@europeangroup.kg",
      "email_en": "info@europeangroup.kg",
      "work_hours_ru": "Пн–Пт: 09:00 – 18:00",
      "work_hours_ky": "Дш–Жм: 09:00 – 18:00",
      "work_hours_en": "Mon–Fri: 09:00 – 18:00",
      "description_ru": "Профессиональный консалтинг в сфере миграции, образования и бизнеса. Мы открываем границы и возможности.",
      "description_ky": "Миграция, билим жана бизнес чөйрөсүндөгү кесипкөй консалтинг.",
      "description_en": "Professional consulting in migration, education, and business. We open borders and opportunities."
    }
  },

  {
    "model": "main.statistic",
    "pk": 1,
    "fields": {
      "value": "98%",
      "label_ru": "Одобренных виз",
      "label_ky": "Бекитилген визалар",
      "label_en": "Visa approval rate",
      "order": 1,
      "is_active": true
    }
  },
  {
    "model": "main.statistic",
    "pk": 2,
    "fields": {
      "value": "500+",
      "label_ru": "Трудоустроенных в год",
      "label_ky": "Жылына иш менен камсыздалган",
      "label_en": "Employed per year",
      "order": 2,
      "is_active": true
    }
  },
  {
    "model": "main.statistic",
    "pk": 3,
    "fields": {
      "value": "12",
      "label_ru": "Стран-партнеров",
      "label_ky": "Өнөктөш өлкөлөр",
      "label_en": "Partner countries",
      "order": 3,
      "is_active": true
    }
  },
  {
    "model": "main.statistic",
    "pk": 4,
    "fields": {
      "value": "10",
      "label_ru": "Лет опыта",
      "label_ky": "Жылдык тажрыйба",
      "label_en": "Years of experience",
      "order": 4,
      "is_active": true
    }
  },

  {
    "model": "main.service",
    "pk": 1,
    "fields": {
      "title_ru": "Работа в Европе",
      "title_ky": "Европада иш",
      "title_en": "Work in Europe",
      "subtitle_ru": "Литва, Польша, Германия...",
      "subtitle_ky": "Литва, Польша, Германия...",
      "subtitle_en": "Lithuania, Poland, Germany...",
      "description_ru": "Официальное трудоустройство, ВНЖ, полное юридическое сопровождение контрактов.",
      "description_ky": "Расмий иштөө, ВНЖ, контракттарды юридикалык колдоо.",
      "description_en": "Official employment, residence permit, full legal contract support.",
      "icon_svg": "<svg class=\"w-8 h-8\" fill=\"none\" stroke=\"currentColor\" viewBox=\"0 0 24 24\"><path stroke-linecap=\"round\" stroke-linejoin=\"round\" stroke-width=\"1.5\" d=\"M21 13.255A23.931 23.931 0 0112 15c-3.183 0-6.22-.62-9-1.745M16 6V4a2 2 0 00-2-2h-4a2 2 0 00-2 2v2m4 6h.01M5 20h14a2 2 0 002-2V8a2 2 0 00-2-2H5a2 2 0 00-2 2v10a2 2 0 002 2z\"></path></svg>",
      "url": "/jobs/",
      "order": 1,
      "is_active": true
    }
  },
  {
    "model": "main.service",
    "pk": 2,
    "fields": {
      "title_ru": "Образование",
      "title_ky": "Билим",
      "title_en": "Education",
      "subtitle_ru": "Корея, США, Италия...",
      "subtitle_ky": "Корея, АКШ, Италия...",
      "subtitle_en": "Korea, USA, Italy...",
      "description_ru": "Поступление в топовые ВУЗы, помощь с грантами и стипендиями.",
      "description_ky": "Жогорку окуу жайларга кабыл алуу, гранттар жана стипендиялар.",
      "description_en": "Admission to top universities, grant and scholarship support.",
      "icon_svg": "<svg class=\"w-8 h-8\" fill=\"none\" stroke=\"currentColor\" viewBox=\"0 0 24 24\"><path stroke-linecap=\"round\" stroke-linejoin=\"round\" stroke-width=\"1.5\" d=\"M12 14l9-5-9-5-9 5 9 5z\"></path><path stroke-linecap=\"round\" stroke-linejoin=\"round\" stroke-width=\"1.5\" d=\"M12 14l6.16-3.422a12.083 12.083 0 01.665 6.479A11.952 11.952 0 0012 20.055a11.952 11.952 0 00-6.824-2.998 12.078 12.078 0 01.665-6.479L12 14z\"></path></svg>",
      "url": "/study/",
      "order": 2,
      "is_active": true
    }
  },
  {
    "model": "main.service",
    "pk": 3,
    "fields": {
      "title_ru": "Визовый центр",
      "title_ky": "Визалык борбор",
      "title_en": "Visa Center",
      "subtitle_ru": "Весь мир (Schengen, USA)",
      "subtitle_ky": "Дүйнө жүзү (Шенген, АКШ)",
      "subtitle_en": "Worldwide (Schengen, USA)",
      "description_ru": "Профессиональная подготовка документов, запись на собеседование, рабочие и турвизы.",
      "description_ky": "Документтерди даярдоо, маектешүүгө жазылуу, жумуш жана туристтик визалар.",
      "description_en": "Professional document preparation, interview scheduling, work and tourist visas.",
      "icon_svg": "<svg class=\"w-8 h-8\" fill=\"none\" stroke=\"currentColor\" viewBox=\"0 0 24 24\"><path stroke-linecap=\"round\" stroke-linejoin=\"round\" stroke-width=\"1.5\" d=\"M3 10h18M7 15h1m4 0h1m-7 4h12a3 3 0 003-3V8a3 3 0 00-3-3H6a3 3 0 00-3 3v8a3 3 0 003 3z\"></path></svg>",
      "url": "/visa/",
      "order": 3,
      "is_active": true
    }
  },
  {
    "model": "main.service",
    "pk": 4,
    "fields": {
      "title_ru": "Юридический консалтинг",
      "title_ky": "Юридикалык консалтинг",
      "title_en": "Legal Consulting",
      "subtitle_ru": "Для бизнеса и физлиц",
      "subtitle_ky": "Бизнес жана жеке адамдар үчүн",
      "subtitle_en": "For businesses and individuals",
      "description_ru": "Регистрация ОсОО, судебные иски, защита прав, сопровождение бизнеса.",
      "description_ky": "ЖЧК каттоо, соттук доолор, укуктарды коргоо, бизнести коштоо.",
      "description_en": "LLC registration, lawsuits, rights protection, business support.",
      "icon_svg": "<svg class=\"w-8 h-8\" fill=\"none\" stroke=\"currentColor\" viewBox=\"0 0 24 24\"><path stroke-linecap=\"round\" stroke-linejoin=\"round\" stroke-width=\"1.5\" d=\"M3 6l3 1m0 0l-3 9a5.002 5.002 0 006.001 0M6 7l3 9M6 7l6-2m6 2l3-1m-3 1l-3 9a5.002 5.002 0 006.001 0M18 7l3 9m-3-9l-6-2m0-2v2m0 16V5m0 16H9m3 0h3\"></path></svg>",
      "url": "/law/",
      "order": 4,
      "is_active": true
    }
  },
  {
    "model": "main.service",
    "pk": 5,
    "fields": {
      "title_ru": "Туризм",
      "title_ky": "Туризм",
      "title_en": "Tourism",
      "subtitle_ru": "Таиланд, Египет, Вьетнам...",
      "subtitle_ky": "Таиланд, Египет, Вьетнам...",
      "subtitle_en": "Thailand, Egypt, Vietnam...",
      "description_ru": "Горящие туры, авиабилеты, бронирование отелей и трансферы.",
      "description_ky": "Ысык турлар, авиабилеттер, мейманкана брондоо жана трансфер.",
      "description_en": "Hot deals, airline tickets, hotel booking and transfers.",
      "icon_svg": "<svg class=\"w-8 h-8\" fill=\"none\" stroke=\"currentColor\" viewBox=\"0 0 24 24\"><path stroke-linecap=\"round\" stroke-linejoin=\"round\" stroke-width=\"1.5\" d=\"M3.055 11H5a2 2 0 012 2v1a2 2 0 002 2 2 2 0 012 2v2.945M8 3.935V5.5A2.5 2.5 0 0010.5 8h.5a2 2 0 012 2 2 2 0 104 0 2 2 0 012-2h1.064M15 20.488V18a2 2 0 012-2h3.064M21 12a9 9 0 11-18 0 9 9 0 0118 0z\"></path></svg>",
      "url": "/tour/",
      "order": 5,
      "is_active": true
    }
  },
  {
    "model": "main.service",
    "pk": 6,
    "fields": {
      "title_ru": "Языковая школа",
      "title_ky": "Тил мектеби",
      "title_en": "Language School",
      "subtitle_ru": "4 основных языка",
      "subtitle_ky": "4 негизги тил",
      "subtitle_en": "4 main languages",
      "description_ru": "Подготовка к международным экзаменам TOEFL, IELTS и разговорная практика.",
      "description_ky": "TOEFL, IELTS эл аралык экзаменге даярдоо жана сүйлөшүү практикасы.",
      "description_en": "Preparation for TOEFL, IELTS international exams and conversation practice.",
      "icon_svg": "<svg class=\"w-8 h-8\" fill=\"none\" stroke=\"currentColor\" viewBox=\"0 0 24 24\"><path stroke-linecap=\"round\" stroke-linejoin=\"round\" stroke-width=\"1.5\" d=\"M8 12h.01M12 12h.01M16 12h.01M21 12c0 4.418-4.03 8-9 8a9.863 9.863 0 01-4.255-.949L3 20l1.395-3.72C3.512 15.042 3 13.574 3 12c0-4.418 4.03-8 9-8s9 3.582 9 8z\"></path></svg>",
      "url": "/lang_courses/",
      "order": 6,
      "is_active": true
    }
  },

  {
    "model": "main.testimonial",
    "pk": 1,
    "fields": {
      "name_ru": "Алина, 20 лет",
      "name_ky": "Алина, 20 жаш",
      "name_en": "Alina, 20 y.o.",
      "category_ru": "Студентка (Корея)",
      "category_ky": "Студентка (Корея)",
      "category_en": "Student (Korea)",
      "text_ru": "\"Благодаря European Group я получила грант на обучение. Процесс сбора документов прошёл легко, и теперь я живу в Сеуле! Спасибо за поддержку на каждом этапе.\"",
      "text_ky": "\"European Group аркылуу мен окуу гранты алдым. Документтерди чогултуу оңой болду, азыр Сеулда жашайм!\"",
      "text_en": "\"Thanks to European Group I received a study grant. The document process was smooth and now I live in Seoul! Thank you for the support at every step.\"",
      "avatar_letter": "А",
      "avatar_bg_color": "bg-pink-100",
      "avatar_text_color": "text-pink-500",
      "order": 1,
      "is_active": true
    }
  },
  {
    "model": "main.testimonial",
    "pk": 2,
    "fields": {
      "name_ru": "Кубат, 40 лет",
      "name_ky": "Кубат, 40 жаш",
      "name_en": "Kubat, 40 y.o.",
      "category_ru": "Работа (Англия)",
      "category_ky": "Иш (Англия)",
      "category_en": "Work (England)",
      "text_ru": "\"Оформили рабочую визу в Великобританию за 2 месяца. Работаю на складе, условия отличные, зарплата достойная. Спасибо за честность и профессионализм!\"",
      "text_ky": "\"Улуу Британияга жумуш визасын 2 айда тариздетти. Кампада иштейм, шарттар мыкты, эмгек акы татыктуу.\"",
      "text_en": "\"Got a UK work visa in 2 months. Working at a warehouse, great conditions and decent pay. Thanks for the honesty and professionalism!\"",
      "avatar_letter": "К",
      "avatar_bg_color": "bg-blue-100",
      "avatar_text_color": "text-blue-600",
      "order": 2,
      "is_active": true
    }
  },
  {
    "model": "main.testimonial",
    "pk": 3,
    "fields": {
      "name_ru": "Семья Исаевых",
      "name_ky": "Исаевлердин үй-бүлөсү",
      "name_en": "Isaev Family",
      "category_ru": "Виза (США)",
      "category_ky": "Виза (АКШ)",
      "category_en": "Visa (USA)",
      "text_ru": "\"Думали, что получить визу в Америку нереально, но нас отлично подготовили к собеседованию. Одобрили всей семье! Мечта сбылась.\"",
      "text_ky": "\"Американга виза алуу мүмкүн эмес деп ойлогонбуз, бирок маектешүүгө жакшы даярдады. Бүткүл үй-бүлөгө бекитти!\"",
      "text_en": "\"We thought getting a US visa was impossible, but they prepared us perfectly for the interview. Approved for the whole family! Dream came true.\"",
      "avatar_letter": "С",
      "avatar_bg_color": "bg-green-100",
      "avatar_text_color": "text-green-600",
      "order": 3,
      "is_active": true
    }
  },

  {
    "model": "main.employmentcountry",
    "pk": 1,
    "fields": {
      "name_ru": "Литва",
      "name_ky": "Литва",
      "name_en": "Lithuania",
      "slug": "lithuania",
      "flag_emoji": "🇱🇹",
      "description_ru": "Литва — одна из самых популярных стран для трудоустройства граждан СНГ. Простая процедура получения ВНЖ, схожий менталитет и высокий спрос на специалистов.",
      "description_ky": "Литва — ТМД жарандары үчүн эң популярдуу өлкөлөрдүн бири. Жөнөкөй ВНЖ тартиби жана адистерге суроо-талап жогору.",
      "description_en": "Lithuania is one of the most popular countries for CIS citizens. Simple residence permit process and high demand for specialists.",
      "order": 1,
      "is_active": true
    }
  },
  {
    "model": "main.employmentcountry",
    "pk": 2,
    "fields": {
      "name_ru": "Словакия",
      "name_ky": "Словакия",
      "name_en": "Slovakia",
      "slug": "slovakia",
      "flag_emoji": "🇸🇰",
      "description_ru": "Стабильная экономика, комфортный климат и возможность получить ВНЖ на 2 года сразу. Идеально для тех, кто ищет спокойную жизнь в центре Европы.",
      "description_ky": "Туруктуу экономика жана 2 жылга ВНЖ алуу мүмкүнчүлүгү. Европанын борборунда тынч жашоо үчүн идеалдуу.",
      "description_en": "Stable economy, comfortable climate, and the ability to get a 2-year residence permit right away.",
      "order": 2,
      "is_active": true
    }
  },
  {
    "model": "main.employmentcountry",
    "pk": 3,
    "fields": {
      "name_ru": "Германия",
      "name_ky": "Германия",
      "name_en": "Germany",
      "slug": "germany",
      "flag_emoji": "🇩🇪",
      "description_ru": "Локомотив экономики Евросоюза. Высокие зарплаты, строгие стандарты, но и лучшие социальные гарантии.",
      "description_ky": "Евросоюздун экономикалык локомотиви. Жогорку эмгек акы жана мыкты социалдык кепилдиктер.",
      "description_en": "The economic locomotive of the EU. High salaries, strict standards, and the best social guarantees.",
      "order": 3,
      "is_active": true
    }
  },
  {
    "model": "main.employmentcountry",
    "pk": 4,
    "fields": {
      "name_ru": "Финляндия",
      "name_ky": "Финляндия",
      "name_en": "Finland",
      "slug": "finland",
      "flag_emoji": "🇫🇮",
      "description_ru": "Скандинавский уровень жизни, экология и безопасность. Популярны сезонные работы и сфера обслуживания.",
      "description_ky": "Скандинавиялык жашоо деңгээли жана экология. Мезгилдүү жумуштар популярдуу.",
      "description_en": "Scandinavian standard of living, ecology and safety. Seasonal work and service sector are popular.",
      "order": 4,
      "is_active": true
    }
  },
  {
    "model": "main.employmentcountry",
    "pk": 5,
    "fields": {
      "name_ru": "Эстония",
      "name_ky": "Эстония",
      "name_en": "Estonia",
      "slug": "estonia",
      "flag_emoji": "🇪🇪",
      "description_ru": "Цифровое государство с растущей экономикой. Простой документооборот и близость к странам СНГ.",
      "description_ky": "Санариптик мамлекет жана өсүп жаткан экономика. Жөнөкөй документ жүгүртүү.",
      "description_en": "Digital state with a growing economy. Simple document flow and proximity to CIS countries.",
      "order": 5,
      "is_active": true
    }
  },
  {
    "model": "main.employmentcountry",
    "pk": 6,
    "fields": {
      "name_ru": "Польша",
      "name_ky": "Польша",
      "name_en": "Poland",
      "slug": "poland",
      "flag_emoji": "🇵🇱",
      "description_ru": "Самый доступный старт для работы в Европе. Огромный выбор вакансий для специалистов и разнорабочих.",
      "description_ky": "Европада иштөөнүн эң жеткиликтүү башталышы. Адистер жана жалпы жумушчулар үчүн чоң тандоо.",
      "description_en": "The most accessible start for working in Europe. Huge selection of vacancies for specialists and general workers.",
      "order": 6,
      "is_active": true
    }
  },

  {
    "model": "main.countrybenefit",
    "pk": 1,
    "fields": {
      "country": 1,
      "text_ru": "Быстрое оформление ВНЖ (1–2 месяца)",
      "text_ky": "Тез ВНЖ тариздетүү (1–2 ай)",
      "text_en": "Fast residence permit (1–2 months)",
      "order": 1
    }
  },
  {
    "model": "main.countrybenefit",
    "pk": 2,
    "fields": {
      "country": 1,
      "text_ru": "Нет языкового барьера (многие говорят по-русски)",
      "text_ky": "Тил тоскоолдугу жок (көпчүлүк орусча сүйлөйт)",
      "text_en": "No language barrier (many speak Russian)",
      "order": 2
    }
  },
  {
    "model": "main.countrybenefit",
    "pk": 3,
    "fields": {
      "country": 1,
      "text_ru": "Возможность перевезти семью через 6 месяцев",
      "text_ky": "6 айдан кийин үй-бүлөнү алып келүү мүмкүнчүлүгү",
      "text_en": "Family reunification possible after 6 months",
      "order": 3
    }
  },
  {
    "model": "main.countrybenefit",
    "pk": 4,
    "fields": {
      "country": 2,
      "text_ru": "ВНЖ сразу на 1–2 года",
      "text_ky": "1–2 жылга дароо ВНЖ",
      "text_en": "Residence permit for 1–2 years immediately",
      "order": 1
    }
  },
  {
    "model": "main.countrybenefit",
    "pk": 5,
    "fields": {
      "country": 2,
      "text_ru": "Бесплатная медицина и соцпакет",
      "text_ky": "Акысыз медицина жана соцпакет",
      "text_en": "Free healthcare and social package",
      "order": 2
    }
  },
  {
    "model": "main.countrybenefit",
    "pk": 6,
    "fields": {
      "country": 2,
      "text_ru": "Возможность путешествовать по всему Шенгену",
      "text_ky": "Бүткүл Шенген боюнча саякаттоо мүмкүнчүлүгү",
      "text_en": "Ability to travel across the entire Schengen area",
      "order": 3
    }
  },
  {
    "model": "main.countrybenefit",
    "pk": 7,
    "fields": {
      "country": 3,
      "text_ru": "Самые высокие зарплаты в ЕС",
      "text_ky": "ЕСтеги эң жогорку эмгек акы",
      "text_en": "Highest salaries in the EU",
      "order": 1
    }
  },
  {
    "model": "main.countrybenefit",
    "pk": 8,
    "fields": {
      "country": 3,
      "text_ru": "Возможность карьерного роста",
      "text_ky": "Карьералык өсүү мүмкүнчүлүгү",
      "text_en": "Career growth opportunities",
      "order": 2
    }
  },
  {
    "model": "main.countrybenefit",
    "pk": 9,
    "fields": {
      "country": 3,
      "text_ru": "Высокий уровень жизни",
      "text_ky": "Жогорку жашоо деңгээли",
      "text_en": "High standard of living",
      "order": 3
    }
  },
  {
    "model": "main.countrybenefit",
    "pk": 10,
    "fields": {
      "country": 4,
      "text_ru": "Высокая почасовая оплата",
      "text_ky": "Жогорку саатык акы",
      "text_en": "High hourly pay",
      "order": 1
    }
  },
  {
    "model": "main.countrybenefit",
    "pk": 11,
    "fields": {
      "country": 4,
      "text_ru": "Идеальная экология",
      "text_ky": "Идеалдуу экология",
      "text_en": "Pristine ecology",
      "order": 2
    }
  },
  {
    "model": "main.countrybenefit",
    "pk": 12,
    "fields": {
      "country": 4,
      "text_ru": "Сезонные работы до 9 месяцев",
      "text_ky": "9 айга чейин мезгилдүү иш",
      "text_en": "Seasonal work up to 9 months",
      "order": 3
    }
  },
  {
    "model": "main.countrybenefit",
    "pk": 13,
    "fields": {
      "country": 5,
      "text_ru": "Электронное резидентство",
      "text_ky": "Электрондук резиденттик",
      "text_en": "E-residency",
      "order": 1
    }
  },
  {
    "model": "main.countrybenefit",
    "pk": 14,
    "fields": {
      "country": 5,
      "text_ru": "Русскоязычная среда",
      "text_ky": "Орус тилдүү чөйрө",
      "text_en": "Russian-speaking environment",
      "order": 2
    }
  },
  {
    "model": "main.countrybenefit",
    "pk": 15,
    "fields": {
      "country": 5,
      "text_ru": "Зарплаты выше, чем в Восточной Европе",
      "text_ky": "Чыгыш Европага караганда жогорку эмгек акы",
      "text_en": "Higher salaries than Eastern Europe",
      "order": 3
    }
  },
  {
    "model": "main.countrybenefit",
    "pk": 16,
    "fields": {
      "country": 6,
      "text_ru": "Самое простое оформление",
      "text_ky": "Эң жөнөкөй тариздетүү",
      "text_en": "Simplest registration process",
      "order": 1
    }
  },
  {
    "model": "main.countrybenefit",
    "pk": 17,
    "fields": {
      "country": 6,
      "text_ru": "Много вакансий без знания языка",
      "text_ky": "Тилди билбестен көп вакансия",
      "text_en": "Many vacancies without language knowledge",
      "order": 2
    }
  },
  {
    "model": "main.countrybenefit",
    "pk": 18,
    "fields": {
      "country": 6,
      "text_ru": "Бесплатное жильё (часто)",
      "text_ky": "Акысыз турак жай (көбүнчө)",
      "text_en": "Free accommodation (often)",
      "order": 3
    }
  },

  {
    "model": "main.joblisting",
    "pk": 1,
    "fields": { "country": 1, "role_ru": "Водитель-дальнобойщик (CE)", "role_ky": "Алыскы айдоочу (CE)", "role_en": "Long-haul driver (CE)", "salary_ru": "€2000 – €2500", "salary_ky": "€2000 – €2500", "salary_en": "€2000 – €2500", "order": 1 }
  },
  {
    "model": "main.joblisting",
    "pk": 2,
    "fields": { "country": 1, "role_ru": "Сварщик MIG/MAG", "role_ky": "Кайноочу MIG/MAG", "role_en": "MIG/MAG Welder", "salary_ru": "€1500 – €2200", "salary_ky": "€1500 – €2200", "salary_en": "€1500 – €2200", "order": 2 }
  },
  {
    "model": "main.joblisting",
    "pk": 3,
    "fields": { "country": 1, "role_ru": "Строитель-универсал", "role_ky": "Универсал курулушчу", "role_en": "General construction worker", "salary_ru": "€1200 – €1800", "salary_ky": "€1200 – €1800", "salary_en": "€1200 – €1800", "order": 3 }
  },
  {
    "model": "main.joblisting",
    "pk": 4,
    "fields": { "country": 2, "role_ru": "Оператор на автозавод (VW, JLR)", "role_ky": "Автозаводдо оператор", "role_en": "Auto plant operator (VW, JLR)", "salary_ru": "€1000 – €1400", "salary_ky": "€1000 – €1400", "salary_en": "€1000 – €1400", "order": 1 }
  },
  {
    "model": "main.joblisting",
    "pk": 5,
    "fields": { "country": 2, "role_ru": "Водитель погрузчика", "role_ky": "Жүк көтөргүч айдоочу", "role_en": "Forklift driver", "salary_ru": "€1100 – €1300", "salary_ky": "€1100 – €1300", "salary_en": "€1100 – €1300", "order": 2 }
  },
  {
    "model": "main.joblisting",
    "pk": 6,
    "fields": { "country": 2, "role_ru": "Сборщик на склад электроники", "role_ky": "Электроника кампасына жыйноочу", "role_en": "Electronics warehouse assembler", "salary_ru": "€900 – €1100", "salary_ky": "€900 – €1100", "salary_en": "€900 – €1100", "order": 3 }
  },
  {
    "model": "main.joblisting",
    "pk": 7,
    "fields": { "country": 3, "role_ru": "Медсестра / Медбрат", "role_ky": "Медайым / Медбрат", "role_en": "Nurse", "salary_ru": "€2500 – €3500", "salary_ky": "€2500 – €3500", "salary_en": "€2500 – €3500", "order": 1 }
  },
  {
    "model": "main.joblisting",
    "pk": 8,
    "fields": { "country": 3, "role_ru": "IT-специалист", "role_ky": "IT-адис", "role_en": "IT Specialist", "salary_ru": "€4000+", "salary_ky": "€4000+", "salary_en": "€4000+", "order": 2 }
  },
  {
    "model": "main.joblisting",
    "pk": 9,
    "fields": { "country": 3, "role_ru": "Электрик / Инженер", "role_ky": "Электрик / Инженер", "role_en": "Electrician / Engineer", "salary_ru": "€2800 – €3500", "salary_ky": "€2800 – €3500", "salary_en": "€2800 – €3500", "order": 3 }
  },
  {
    "model": "main.joblisting",
    "pk": 10,
    "fields": { "country": 4, "role_ru": "Сборщик ягод (сезон)", "role_ky": "Жемиш терүүчү (сезон)", "role_en": "Berry picker (seasonal)", "salary_ru": "€1000 – €2500 (сдельная)", "salary_ky": "€1000 – €2500 (кесим)", "salary_en": "€1000 – €2500 (piecework)", "order": 1 }
  },
  {
    "model": "main.joblisting",
    "pk": 11,
    "fields": { "country": 4, "role_ru": "Уборщик помещений", "role_ky": "Тазалоочу", "role_en": "Cleaner", "salary_ru": "€12/час", "salary_ky": "€12/саат", "salary_en": "€12/hour", "order": 2 }
  },
  {
    "model": "main.joblisting",
    "pk": 12,
    "fields": { "country": 4, "role_ru": "Разнорабочий на ферму", "role_ky": "Фермадагы жалпы жумушчу", "role_en": "Farm labourer", "salary_ru": "€10/час", "salary_ky": "€10/саат", "salary_en": "€10/hour", "order": 3 }
  },
  {
    "model": "main.joblisting",
    "pk": 13,
    "fields": { "country": 5, "role_ru": "Строитель", "role_ky": "Курулушчу", "role_en": "Construction worker", "salary_ru": "€1300 – €2000", "salary_ky": "€1300 – €2000", "salary_en": "€1300 – €2000", "order": 1 }
  },
  {
    "model": "main.joblisting",
    "pk": 14,
    "fields": { "country": 5, "role_ru": "Водитель категории C", "role_ky": "C категориядагы айдоочу", "role_en": "Category C driver", "salary_ru": "€1400 – €1800", "salary_ky": "€1400 – €1800", "salary_en": "€1400 – €1800", "order": 2 }
  },
  {
    "model": "main.joblisting",
    "pk": 15,
    "fields": { "country": 5, "role_ru": "Работник на производство", "role_ky": "Өндүрүш жумушчусу", "role_en": "Production worker", "salary_ru": "€1000 – €1300", "salary_ky": "€1000 – €1300", "salary_en": "€1000 – €1300", "order": 3 }
  },
  {
    "model": "main.joblisting",
    "pk": 16,
    "fields": { "country": 6, "role_ru": "Упаковщик на склад (Amazon/DPD)", "role_ky": "Кампада (Amazon/DPD) даярдоочу", "role_en": "Warehouse packer (Amazon/DPD)", "salary_ru": "€900 – €1200", "salary_ky": "€900 – €1200", "salary_en": "€900 – €1200", "order": 1 }
  },
  {
    "model": "main.joblisting",
    "pk": 17,
    "fields": { "country": 6, "role_ru": "Повар", "role_ky": "Аш пишируучу", "role_en": "Cook", "salary_ru": "€1100 – €1500", "salary_ky": "€1100 – €1500", "salary_en": "€1100 – €1500", "order": 2 }
  },
  {
    "model": "main.joblisting",
    "pk": 18,
    "fields": { "country": 6, "role_ru": "Работник на мясокомбинат", "role_ky": "Эт комбинатынын жумушчусу", "role_en": "Meat plant worker", "salary_ru": "€1000 – €1400", "salary_ky": "€1000 – €1400", "salary_en": "€1000 – €1400", "order": 3 }
  },

  {
    "model": "main.universitycountry",
    "pk": 1,
    "fields": { "name_ru": "Корея", "name_ky": "Корея", "name_en": "Korea", "slug": "korea", "flag_emoji": "🇰🇷", "order": 1, "is_active": true }
  },
  {
    "model": "main.universitycountry",
    "pk": 2,
    "fields": { "name_ru": "Словакия", "name_ky": "Словакия", "name_en": "Slovakia", "slug": "slovakia", "flag_emoji": "🇸🇰", "order": 2, "is_active": true }
  },
  {
    "model": "main.universitycountry",
    "pk": 3,
    "fields": { "name_ru": "США", "name_ky": "АКШ", "name_en": "USA", "slug": "usa", "flag_emoji": "🇺🇸", "order": 3, "is_active": true }
  },
  {
    "model": "main.universitycountry",
    "pk": 4,
    "fields": { "name_ru": "Италия", "name_ky": "Италия", "name_en": "Italy", "slug": "italy", "flag_emoji": "🇮🇹", "order": 4, "is_active": true }
  },
  {
    "model": "main.universitycountry",
    "pk": 5,
    "fields": { "name_ru": "Китай", "name_ky": "Кытай", "name_en": "China", "slug": "china", "flag_emoji": "🇨🇳", "order": 5, "is_active": true }
  },

  {
    "model": "main.university",
    "pk": 1,
    "fields": {
      "country": 1,
      "name_ru": "Sejong University",
      "name_ky": "Sejong University",
      "name_en": "Sejong University",
      "slug": "sejong",
      "location_ru": "Сеул",
      "location_ky": "Сеул",
      "location_en": "Seoul",
      "description_ru": "Один из ведущих частных университетов в Сеуле, известный программами по гостеприимству, туризму и анимации.",
      "description_ky": "Сеулдагы жетектөөчү жеке университеттердин бири, мейманкана, туризм жана анимация программалары менен белгилүү.",
      "description_en": "One of Seoul's leading private universities, known for its hospitality, tourism, and animation programs.",
      "image": "",
      "order": 1,
      "is_active": true
    }
  },
  {
    "model": "main.university",
    "pk": 2,
    "fields": {
      "country": 1,
      "name_ru": "Gachon University",
      "name_ky": "Gachon University",
      "name_en": "Gachon University",
      "slug": "gachon",
      "location_ru": "Сонгнам",
      "location_ky": "Сонгнам",
      "location_en": "Seongnam",
      "description_ru": "Крупный университет с сильным медицинским факультетом и программами IT.",
      "description_ky": "Күчтүү медициналык факультети жана IT программалары бар ири университет.",
      "description_en": "A large university with a strong medical school and IT programs.",
      "image": "",
      "order": 2,
      "is_active": true
    }
  },
  {
    "model": "main.university",
    "pk": 3,
    "fields": {
      "country": 1,
      "name_ru": "Korea University",
      "name_ky": "Korea University",
      "name_en": "Korea University",
      "slug": "korea-university",
      "location_ru": "Сеул",
      "location_ky": "Сеул",
      "location_en": "Seoul",
      "description_ru": "Один из университетов SKY — престижнейшее учебное заведение Южной Кореи.",
      "description_ky": "SKY университеттеринин бири — Түштүк Кореянын эң белгилүү окуу жайы.",
      "description_en": "One of the SKY universities — the most prestigious institutions in South Korea.",
      "image": "",
      "order": 3,
      "is_active": true
    }
  },
  {
    "model": "main.university",
    "pk": 4,
    "fields": {
      "country": 2,
      "name_ru": "Technical University of Košice",
      "name_ky": "Technical University of Košice",
      "name_en": "Technical University of Košice",
      "slug": "tu-kosice",
      "location_ru": "Кошице",
      "location_ky": "Кошице",
      "location_en": "Košice",
      "description_ru": "Ведущий технический университет, предлагающий качественное инженерное образование в центре Европы.",
      "description_ky": "Европанын борборунда сапаттуу инженердик билим берген жетектөөчү техникалык университет.",
      "description_en": "A leading technical university offering quality engineering education in the heart of Europe.",
      "image": "",
      "order": 1,
      "is_active": true
    }
  },
  {
    "model": "main.university",
    "pk": 5,
    "fields": {
      "country": 2,
      "name_ru": "Comenius University",
      "name_ky": "Comenius University",
      "name_en": "Comenius University",
      "slug": "comenius",
      "location_ru": "Братислава",
      "location_ky": "Братислава",
      "location_en": "Bratislava",
      "description_ru": "Старейший и крупнейший университет Словакии, основанный в 1919 году.",
      "description_ky": "1919-жылы негизделген Словакиянын эң байыркы жана ири университети.",
      "description_en": "The oldest and largest university in Slovakia, founded in 1919.",
      "image": "",
      "order": 2,
      "is_active": true
    }
  },
  {
    "model": "main.university",
    "pk": 6,
    "fields": {
      "country": 3,
      "name_ru": "Pace University",
      "name_ky": "Pace University",
      "name_en": "Pace University",
      "slug": "pace",
      "location_ru": "Нью-Йорк",
      "location_ky": "Нью-Йорк",
      "location_en": "New York",
      "description_ru": "Частный университет в самом центре Манхэттена с фокусом на карьерное развитие.",
      "description_ky": "Манхэттендин борборундагы мансапты өнүктүрүүгө багытталган жеке университет.",
      "description_en": "A private university in the heart of Manhattan with a focus on career development.",
      "image": "",
      "order": 1,
      "is_active": true
    }
  },
  {
    "model": "main.university",
    "pk": 7,
    "fields": {
      "country": 3,
      "name_ru": "Arizona State University",
      "name_ky": "Arizona State University",
      "name_en": "Arizona State University",
      "slug": "asu",
      "location_ru": "Финикс",
      "location_ky": "Финикс",
      "location_en": "Phoenix",
      "description_ru": "Инновационный университет №1 в США по версии U.S. News & World Report.",
      "description_ky": "U.S. News & World Report боюнча АКШдагы №1 инновациялык университет.",
      "description_en": "The #1 most innovative university in the USA according to U.S. News & World Report.",
      "image": "",
      "order": 2,
      "is_active": true
    }
  },
  {
    "model": "main.university",
    "pk": 8,
    "fields": {
      "country": 4,
      "name_ru": "Sapienza University of Rome",
      "name_ky": "Sapienza University of Rome",
      "name_en": "Sapienza University of Rome",
      "slug": "sapienza",
      "location_ru": "Рим",
      "location_ky": "Рим",
      "location_en": "Rome",
      "description_ru": "Один из старейших университетов мира, основанный в 1303 году. Входит в топ-150 мировых ВУЗов.",
      "description_ky": "1303-жылы негизделген дүйнөнүн эң байыркы университеттеринин бири. Дүйнөнүн үздүк 150 жогорку окуу жайынын катарында.",
      "description_en": "One of the oldest universities in the world, founded in 1303. Ranked in the world's top 150.",
      "image": "",
      "order": 1,
      "is_active": true
    }
  },
  {
    "model": "main.university",
    "pk": 9,
    "fields": {
      "country": 5,
      "name_ru": "Beijing Language and Culture University",
      "name_ky": "Beijing Language and Culture University",
      "name_en": "Beijing Language and Culture University",
      "slug": "blcu",
      "location_ru": "Пекин",
      "location_ky": "Пекин",
      "location_en": "Beijing",
      "description_ru": "Главный университет Китая для изучения китайского языка иностранцами. Лучшая HSK-подготовка.",
      "description_ky": "Чет элдиктер үчүн кытай тилин үйрөнүүдө Кытайдын башкы университети. Эң мыкты HSK даярдыгы.",
      "description_en": "China's premier university for foreigners to study Chinese language. Best HSK preparation.",
      "image": "",
      "order": 1,
      "is_active": true
    }
  },

  {
    "model": "main.languagecourse",
    "pk": 1,
    "fields": {
      "name_ru": "Корейский язык",
      "name_ky": "Корей тили",
      "name_en": "Korean Language",
      "category_ru": "Азия",
      "category_ky": "Азия",
      "category_en": "Asia",
      "description_ru": "Интенсивный курс для поступления в ВУЗы Кореи. Подготовка к TOPIK I и II.",
      "description_ky": "Корея жогорку окуу жайларына кирүү үчүн интенсивдүү курс. TOPIK I жана II га даярдоо.",
      "description_en": "Intensive course for admission to Korean universities. TOPIK I and II preparation.",
      "duration_ru": "3–6 месяцев",
      "duration_ky": "3–6 ай",
      "duration_en": "3–6 months",
      "certificate": true,
      "badge_ru": "Top Choice",
      "badge_ky": "Top Choice",
      "badge_en": "Top Choice",
      "image": "",
      "order": 1,
      "is_active": true
    }
  },
  {
    "model": "main.languagecourse",
    "pk": 2,
    "fields": {
      "name_ru": "Немецкий язык",
      "name_ky": "Немис тили",
      "name_en": "German Language",
      "category_ru": "Работа и учёба",
      "category_ky": "Иш жана окуу",
      "category_en": "Work & Study",
      "description_ru": "Подготовка к Goethe-Zertifikat (A1–C1) для работы и учёбы в Германии.",
      "description_ky": "Германияда иштөө жана окуу үчүн Goethe-Zertifikat (A1–C1) га даярдоо.",
      "description_en": "Preparation for Goethe-Zertifikat (A1–C1) for work and study in Germany.",
      "duration_ru": "4–8 месяцев",
      "duration_ky": "4–8 ай",
      "duration_en": "4–8 months",
      "certificate": true,
      "badge_ru": "",
      "badge_ky": "",
      "badge_en": "",
      "image": "",
      "order": 2,
      "is_active": true
    }
  },
  {
    "model": "main.languagecourse",
    "pk": 3,
    "fields": {
      "name_ru": "Японский язык",
      "name_ky": "Жапон тили",
      "name_en": "Japanese Language",
      "category_ru": "Культура и карьера",
      "category_ky": "Маданият жана мансап",
      "category_en": "Culture & Career",
      "description_ru": "Изучение языка с нуля до уровня N2 для работы в Японии. Подготовка к JLPT.",
      "description_ky": "Жапонияда иштөө үчүн нөлдөн N2 деңгээлине чейин тил үйрөнүү. JLPT га даярдоо.",
      "description_en": "Language learning from scratch to N2 for working in Japan. JLPT preparation.",
      "duration_ru": "6–12 месяцев",
      "duration_ky": "6–12 ай",
      "duration_en": "6–12 months",
      "certificate": true,
      "badge_ru": "",
      "badge_ky": "",
      "badge_en": "",
      "image": "",
      "order": 3,
      "is_active": true
    }
  },
  {
    "model": "main.languagecourse",
    "pk": 4,
    "fields": {
      "name_ru": "Английский язык",
      "name_ky": "Англис тили",
      "name_en": "English Language",
      "category_ru": "Международный",
      "category_ky": "Эл аралык",
      "category_en": "International",
      "description_ru": "General English и подготовка к IELTS/TOEFL для любой страны мира.",
      "description_ky": "General English жана дүйнөнүн каалаган өлкөсү үчүн IELTS/TOEFL га даярдоо.",
      "description_en": "General English and IELTS/TOEFL preparation for any country in the world.",
      "duration_ru": "3+ месяца",
      "duration_ky": "3+ ай",
      "duration_en": "3+ months",
      "certificate": true,
      "badge_ru": "Popular",
      "badge_ky": "Popular",
      "badge_en": "Popular",
      "image": "",
      "order": 4,
      "is_active": true
    }
  },

  {
    "model": "main.visatype",
    "pk": 1,
    "fields": {
      "name_ru": "Шенгенская виза",
      "name_ky": "Шенген визасы",
      "name_en": "Schengen Visa",
      "countries_ru": "27 стран Европы",
      "countries_ky": "Европанын 27 өлкөсү",
      "countries_en": "27 European countries",
      "visa_subtypes_ru": "Туризм / Бизнес / Гости",
      "visa_subtypes_ky": "Туризм / Бизнес / Меймандар",
      "visa_subtypes_en": "Tourism / Business / Visitors",
      "price_from_ru": "от €150",
      "price_from_ky": "€150 баштап",
      "price_from_en": "from €150",
      "processing_time_ru": "~15 дней",
      "processing_time_ky": "~15 күн",
      "processing_time_en": "~15 days",
      "order": 1,
      "is_active": true
    }
  },
  {
    "model": "main.visatype",
    "pk": 2,
    "fields": {
      "name_ru": "Виза в США",
      "name_ky": "АКШга виза",
      "name_en": "USA Visa",
      "countries_ru": "Соединённые Штаты Америки",
      "countries_ky": "Америка Кошмо Штаттары",
      "countries_en": "United States of America",
      "visa_subtypes_ru": "B1/B2 (Туризм / Бизнес)",
      "visa_subtypes_ky": "B1/B2 (Туризм / Бизнес)",
      "visa_subtypes_en": "B1/B2 (Tourism / Business)",
      "price_from_ru": "от $200",
      "price_from_ky": "$200 баштап",
      "price_from_en": "from $200",
      "processing_time_ru": "Индивидуально",
      "processing_time_ky": "Жеке",
      "processing_time_en": "Individual",
      "order": 2,
      "is_active": true
    }
  },
  {
    "model": "main.visatype",
    "pk": 3,
    "fields": {
      "name_ru": "Страны Азии",
      "name_ky": "Азия өлкөлөрү",
      "name_en": "Asian Countries",
      "countries_ru": "Южная Корея, Япония, Китай",
      "countries_ky": "Түштүк Корея, Жапония, Кытай",
      "countries_en": "South Korea, Japan, China",
      "visa_subtypes_ru": "Туристическая / K-ETA / Рабочая",
      "visa_subtypes_ky": "Туристтик / K-ETA / Жумуш",
      "visa_subtypes_en": "Tourist / K-ETA / Work",
      "price_from_ru": "от $50",
      "price_from_ky": "$50 баштап",
      "price_from_en": "from $50",
      "processing_time_ru": "3–7 дней",
      "processing_time_ky": "3–7 күн",
      "processing_time_en": "3–7 days",
      "order": 3,
      "is_active": true
    }
  },
  {
    "model": "main.visatype",
    "pk": 4,
    "fields": {
      "name_ru": "Великобритания и Канада",
      "name_ky": "Улуу Британия жана Канада",
      "name_en": "UK & Canada",
      "countries_ru": "Великобритания, Канада",
      "countries_ky": "Улуу Британия, Канада",
      "countries_en": "United Kingdom, Canada",
      "visa_subtypes_ru": "Сложные кейсы / Долгосрочные визы",
      "visa_subtypes_ky": "Татаал кейстер / Узак мөөнөттүү визалар",
      "visa_subtypes_en": "Complex cases / Long-term visas",
      "price_from_ru": "от $250",
      "price_from_ky": "$250 баштап",
      "price_from_en": "from $250",
      "processing_time_ru": "~30 дней",
      "processing_time_ky": "~30 күн",
      "processing_time_en": "~30 days",
      "order": 4,
      "is_active": true
    }
  },

  {
    "model": "main.tourdestination",
    "pk": 1,
    "fields": {
      "name_ru": "Таиланд",
      "name_ky": "Таиланд",
      "name_en": "Thailand",
      "cities_ru": "Пхукет, Паттайя, Самуи",
      "cities_ky": "Пхукет, Паттайя, Самуи",
      "cities_en": "Phuket, Pattaya, Samui",
      "badge_ru": "Хит продаж",
      "badge_ky": "Хит",
      "badge_en": "Best Seller",
      "price_from_ru": "от $850",
      "price_from_ky": "$850 баштап",
      "price_from_en": "from $850",
      "image": "",
      "order": 1,
      "is_active": true
    }
  },
  {
    "model": "main.tourdestination",
    "pk": 2,
    "fields": {
      "name_ru": "Египет",
      "name_ky": "Египет",
      "name_en": "Egypt",
      "cities_ru": "Шарм-эль-Шейх, Хургада",
      "cities_ky": "Шарм-эль-Шейх, Хургада",
      "cities_en": "Sharm El-Sheikh, Hurghada",
      "badge_ru": "Все включено",
      "badge_ky": "Баары кирет",
      "badge_en": "All Inclusive",
      "price_from_ru": "от $550",
      "price_from_ky": "$550 баштап",
      "price_from_en": "from $550",
      "image": "",
      "order": 2,
      "is_active": true
    }
  },
  {
    "model": "main.tourdestination",
    "pk": 3,
    "fields": {
      "name_ru": "Турция",
      "name_ky": "Түркия",
      "name_en": "Turkey",
      "cities_ru": "Анталья, Кемер, Аланья",
      "cities_ky": "Анталья, Кемер, Аланья",
      "cities_en": "Antalya, Kemer, Alanya",
      "badge_ru": "Семейный",
      "badge_ky": "Үй-бүлөлүк",
      "badge_en": "Family",
      "price_from_ru": "от $450",
      "price_from_ky": "$450 баштап",
      "price_from_en": "from $450",
      "image": "",
      "order": 3,
      "is_active": true
    }
  },
  {
    "model": "main.tourdestination",
    "pk": 4,
    "fields": {
      "name_ru": "Вьетнам",
      "name_ky": "Вьетнам",
      "name_en": "Vietnam",
      "cities_ru": "Нячанг, Фукуок",
      "cities_ky": "Нячанг, Фукуок",
      "cities_en": "Nha Trang, Phu Quoc",
      "badge_ru": "Экзотика",
      "badge_ky": "Экзотика",
      "badge_en": "Exotic",
      "price_from_ru": "от $900",
      "price_from_ky": "$900 баштап",
      "price_from_en": "from $900",
      "image": "",
      "order": 4,
      "is_active": true
    }
  },

  {
    "model": "main.tourdeal",
    "pk": 1,
    "fields": {
      "hotel_name_ru": "Rixos Sharm El Sheikh 5*",
      "hotel_name_ky": "Rixos Sharm El Sheikh 5*",
      "hotel_name_en": "Rixos Sharm El Sheikh 5*",
      "destination": 2,
      "discount_percent": 20,
      "price": 960,
      "original_price": 1200,
      "nights": 7,
      "is_active": true
    }
  },
  {
    "model": "main.tourdeal",
    "pk": 2,
    "fields": {
      "hotel_name_ru": "Amara Dolce Vita 5*",
      "hotel_name_ky": "Amara Dolce Vita 5*",
      "hotel_name_en": "Amara Dolce Vita 5*",
      "destination": 3,
      "discount_percent": 15,
      "price": 1275,
      "original_price": 1500,
      "nights": 7,
      "is_active": true
    }
  },
  {
    "model": "main.tourdeal",
    "pk": 3,
    "fields": {
      "hotel_name_ru": "Novotel Phuket Resort 4*",
      "hotel_name_ky": "Novotel Phuket Resort 4*",
      "hotel_name_en": "Novotel Phuket Resort 4*",
      "destination": 1,
      "discount_percent": 30,
      "price": 770,
      "original_price": 1100,
      "nights": 10,
      "is_active": true
    }
  },

  {
    "model": "main.legalservice",
    "pk": 1,
    "fields": {
      "title_ru": "Регистрация компании",
      "title_ky": "Компанияны каттоо",
      "title_en": "Company Registration",
      "description_ru": "Открытие ОсОО, АО, представительств иностранных компаний. Полный пакет документов за 3 дня.",
      "description_ky": "ЖЧК, АК, чет өлкөлүк компаниялардын өкүлчүлүктөрүн ачуу. 3 күндө документтердин толук пакети.",
      "description_en": "LLC, JSC and foreign company branch registration. Full document package in 3 days.",
      "icon_svg": "<svg class=\"w-8 h-8\" fill=\"none\" stroke=\"currentColor\" viewBox=\"0 0 24 24\"><path stroke-linecap=\"round\" stroke-linejoin=\"round\" stroke-width=\"1.5\" d=\"M19 21V5a2 2 0 00-2-2H7a2 2 0 00-2 2v16m14 0h2m-2 0h-5m-9 0H3m2 0h5M9 7h1m-1 4h1m4-4h1m-1 4h1m-2 10v-5a1 1 0 011-1h2a1 1 0 011 1v5m-4 0h4\"></path></svg>",
      "order": 1,
      "is_active": true
    }
  },
  {
    "model": "main.legalservice",
    "pk": 2,
    "fields": {
      "title_ru": "Договорное право",
      "title_ky": "Келишим укугу",
      "title_en": "Contract Law",
      "description_ru": "Разработка и аудит договоров, контрактов ВЭД, лицензионных соглашений и NDA.",
      "description_ky": "Келишимдерди иштеп чыгуу жана аудит, ВЭД келишимдери, лицензиялык макулдашуулар.",
      "description_en": "Contract drafting and auditing, foreign trade contracts, license agreements and NDAs.",
      "icon_svg": "<svg class=\"w-8 h-8\" fill=\"none\" stroke=\"currentColor\" viewBox=\"0 0 24 24\"><path stroke-linecap=\"round\" stroke-linejoin=\"round\" stroke-width=\"1.5\" d=\"M9 12h6m-6 4h6m2 5H7a2 2 0 01-2-2V5a2 2 0 012-2h5.586a1 1 0 01.707.293l5.414 5.414a1 1 0 01.293.707V19a2 2 0 01-2 2z\"></path></svg>",
      "order": 2,
      "is_active": true
    }
  },
  {
    "model": "main.legalservice",
    "pk": 3,
    "fields": {
      "title_ru": "Судебные споры",
      "title_ky": "Соттук талаш",
      "title_en": "Litigation",
      "description_ru": "Представительство в судах всех инстанций КР. Арбитражные разбирательства и апелляции.",
      "description_ky": "КРдын бардык инстанциялардагы соттордо өкүлчүлүк кылуу. Арбитраж жана апелляция.",
      "description_en": "Representation in all courts of the Kyrgyz Republic. Arbitration proceedings and appeals.",
      "icon_svg": "<svg class=\"w-8 h-8\" fill=\"none\" stroke=\"currentColor\" viewBox=\"0 0 24 24\"><path stroke-linecap=\"round\" stroke-linejoin=\"round\" stroke-width=\"1.5\" d=\"M3 6l3 1m0 0l-3 9a5.002 5.002 0 006.001 0M6 7l3 9M6 7l6-2m6 2l3-1m-3 1l-3 9a5.002 5.002 0 006.001 0M18 7l3 9m-3-9l-6-2m0-2v2m0 16V5m0 16H9m3 0h3\"></path></svg>",
      "order": 3,
      "is_active": true
    }
  },
  {
    "model": "main.legalservice",
    "pk": 4,
    "fields": {
      "title_ru": "Бизнес-консалтинг",
      "title_ky": "Бизнес-консалтинг",
      "title_en": "Business Consulting",
      "description_ru": "Оптимизация налогообложения, кадровый аудит, реструктуризация бизнеса и due diligence.",
      "description_ky": "Салыктарды оптималдаштыруу, кадрдык аудит, бизнести кайра түзүү жана due diligence.",
      "description_en": "Tax optimization, HR audit, business restructuring and due diligence.",
      "icon_svg": "<svg class=\"w-8 h-8\" fill=\"none\" stroke=\"currentColor\" viewBox=\"0 0 24 24\"><path stroke-linecap=\"round\" stroke-linejoin=\"round\" stroke-width=\"1.5\" d=\"M9 19v-6a2 2 0 00-2-2H5a2 2 0 00-2 2v6a2 2 0 002 2h2a2 2 0 002-2zm0 0V9a2 2 0 012-2h2a2 2 0 012 2v10m-6 0a2 2 0 002 2h2a2 2 0 002-2m0 0V5a2 2 0 012-2h2a2 2 0 012 2v14a2 2 0 01-2 2h-2a2 2 0 01-2-2z\"></path></svg>",
      "order": 4,
      "is_active": true
    }
  },
  {
    "model": "main.legalservice",
    "pk": 5,
    "fields": {
      "title_ru": "Недвижимость",
      "title_ky": "Кыймылсыз мүлк",
      "title_en": "Real Estate",
      "description_ru": "Юридическая проверка объектов, сопровождение сделок купли-продажи и аренды.",
      "description_ky": "Объекттерди юридикалык текшерүү, сатып алуу-сатуу жана ижара бүтүмдөрүн коштоо.",
      "description_en": "Legal due diligence of properties, support for purchase/sale and rental transactions.",
      "icon_svg": "<svg class=\"w-8 h-8\" fill=\"none\" stroke=\"currentColor\" viewBox=\"0 0 24 24\"><path stroke-linecap=\"round\" stroke-linejoin=\"round\" stroke-width=\"1.5\" d=\"M3 12l2-2m0 0l7-7 7 7M5 10v10a1 1 0 001 1h3m10-11l2 2m-2-2v10a1 1 0 01-1 1h-3m-6 0a1 1 0 001-1v-4a1 1 0 011-1h2a1 1 0 011 1v4a1 1 0 001 1m-6 0h6\"></path></svg>",
      "order": 5,
      "is_active": true
    }
  },

  {
    "model": "main.companypackage",
    "pk": 1,
    "fields": {
      "name_ru": "Стартовый",
      "name_ky": "Стартовый",
      "name_en": "Starter",
      "badge_ru": "",
      "badge_ky": "",
      "badge_en": "",
      "price": 5000,
      "currency": "с",
      "is_popular": false,
      "order": 1,
      "is_active": true
    }
  },
  {
    "model": "main.companypackage",
    "pk": 2,
    "fields": {
      "name_ru": "Стандарт",
      "name_ky": "Стандарт",
      "name_en": "Standard",
      "badge_ru": "Популярный",
      "badge_ky": "Популярдуу",
      "badge_en": "Popular",
      "price": 10000,
      "currency": "с",
      "is_popular": true,
      "order": 2,
      "is_active": true
    }
  },
  {
    "model": "main.companypackage",
    "pk": 3,
    "fields": {
      "name_ru": "Бизнес Старт",
      "name_ky": "Бизнес Старт",
      "name_en": "Business Start",
      "badge_ru": "",
      "badge_ky": "",
      "badge_en": "",
      "price": 25000,
      "currency": "с",
      "is_popular": false,
      "order": 3,
      "is_active": true
    }
  },

  {
    "model": "main.packagefeature",
    "pk": 1,
    "fields": { "package": 1, "text_ru": "Регистрация ОсОО", "text_ky": "ЖЧК каттоо", "text_en": "LLC registration", "is_included": true, "order": 1 }
  },
  {
    "model": "main.packagefeature",
    "pk": 2,
    "fields": { "package": 1, "text_ru": "Государственная пошлина", "text_ky": "Мамлекеттик алым", "text_en": "Government fee", "is_included": true, "order": 2 }
  },
  {
    "model": "main.packagefeature",
    "pk": 3,
    "fields": { "package": 1, "text_ru": "Юридический адрес (1 год)", "text_ky": "Юридикалык дарек (1 жыл)", "text_en": "Legal address (1 year)", "is_included": false, "order": 3 }
  },
  {
    "model": "main.packagefeature",
    "pk": 4,
    "fields": { "package": 1, "text_ru": "Расчётный счёт в банке", "text_ky": "Банктагы эсептешүү эсеби", "text_en": "Bank account", "is_included": false, "order": 4 }
  },
  {
    "model": "main.packagefeature",
    "pk": 5,
    "fields": { "package": 2, "text_ru": "Регистрация ОсОО", "text_ky": "ЖЧК каттоо", "text_en": "LLC registration", "is_included": true, "order": 1 }
  },
  {
    "model": "main.packagefeature",
    "pk": 6,
    "fields": { "package": 2, "text_ru": "Государственная пошлина", "text_ky": "Мамлекеттик алым", "text_en": "Government fee", "is_included": true, "order": 2 }
  },
  {
    "model": "main.packagefeature",
    "pk": 7,
    "fields": { "package": 2, "text_ru": "Юридический адрес (1 год)", "text_ky": "Юридикалык дарек (1 жыл)", "text_en": "Legal address (1 year)", "is_included": true, "order": 3 }
  },
  {
    "model": "main.packagefeature",
    "pk": 8,
    "fields": { "package": 2, "text_ru": "Расчётный счёт в банке", "text_ky": "Банктагы эсептешүү эсеби", "text_en": "Bank account", "is_included": true, "order": 4 }
  },
  {
    "model": "main.packagefeature",
    "pk": 9,
    "fields": { "package": 2, "text_ru": "Бухгалтерское сопровождение (3 мес.)", "text_ky": "Бухгалтердик коштоо (3 ай)", "text_en": "Accounting support (3 months)", "is_included": false, "order": 5 }
  },
  {
    "model": "main.packagefeature",
    "pk": 10,
    "fields": { "package": 3, "text_ru": "Регистрация ОсОО", "text_ky": "ЖЧК каттоо", "text_en": "LLC registration", "is_included": true, "order": 1 }
  },
  {
    "model": "main.packagefeature",
    "pk": 11,
    "fields": { "package": 3, "text_ru": "Государственная пошлина", "text_ky": "Мамлекеттик алым", "text_en": "Government fee", "is_included": true, "order": 2 }
  },
  {
    "model": "main.packagefeature",
    "pk": 12,
    "fields": { "package": 3, "text_ru": "Юридический адрес (1 год)", "text_ky": "Юридикалык дарек (1 жыл)", "text_en": "Legal address (1 year)", "is_included": true, "order": 3 }
  },
  {
    "model": "main.packagefeature",
    "pk": 13,
    "fields": { "package": 3, "text_ru": "Расчётный счёт в банке", "text_ky": "Банктагы эсептешүү эсеби", "text_en": "Bank account", "is_included": true, "order": 4 }
  },
  {
    "model": "main.packagefeature",
    "pk": 14,
    "fields": { "package": 3, "text_ru": "Бухгалтерское сопровождение (3 мес.)", "text_ky": "Бухгалтердик коштоо (3 ай)", "text_en": "Accounting support (3 months)", "is_included": true, "order": 5 }
  },
  {
    "model": "main.packagefeature",
    "pk": 15,
    "fields": { "package": 3, "text_ru": "Налоговое консультирование", "text_ky": "Салык консультациясы", "text_en": "Tax consulting", "is_included": true, "order": 6 }
  }
]
